word,syllables
abad,a-bad
abadiy,a-ba-diy
abadiya,a-ba-di-ya
abadiyan,a-ba-di-yan
abadiyat,a-ba-di-yat
abadiylaş,a-ba-diy-laş
abadiylaşmoq,a-ba-diy-laş-moq
abadiylaştirilmoq,a-ba-diy-laş-ti-ril-moq
abadiylaştiriş,a-ba-diy-laş-ti-riş
abadiylaştirmoq,a-ba-diy-laş-tir-moq
abadiylaştiruv,a-ba-diy-laş-ti-ruv
abadiylaştiruvçi,a-ba-diy-laş-ti-ruv-çi
abadiylaşuv,a-ba-diy-la-şuv
abadiylik,a-ba-diy-lik
abadiyot,a-ba-di-yot
badjahl,bad-jahl
badjahllik,bad-jahl-lik
badjins,bad-jins
badjinslik,bad-jins-lik
badkarda,bad-kar-da
badkardalik,bad-kar-da-lik
badkir,bad-kir
badkirdor,bad-kir-dor
badkirdorlik,bad-kir-dor-lik
badkor,bad-kor
badkorlik,bad-kor-lik
badkorona,bad-ko-ro-na
badlahja,bad-lah-ja
badlanmoq,bad-lan-moq
badmast,bad-mast
badmastlik,bad-mast-lik
badmehr,bad-mehr
badminton,bad-min-ton
badmuomala,bad-mu-o-ma-la
badmuomalalik,bad-mu-o-ma-la-lik
badnafas,bad-na-fas
badnafs,bad-nafs
badnafslaşiş,bad-nafs-la-şiş
badnafslaşmoq,bad-nafs-laş-moq
badnafslaşuv,bad-nafs-la-şuv
badnafslik,bad-nafs-lik
badnajod,bad-na-jod
badnamo,bad-na-mo
badnamolik,bad-na-mo-lik
badnazar,bad-na-zar
badnazarlik,bad-na-zar-lik
badniyat,bad-ni-yat
badniyatlik,bad-ni-yat-lik
badnom,bad-nom
badnomlaniş,bad-nom-la-niş
badnomlaşmoq,bad-nom-laş-moq
badnomlik,bad-nom-lik
badnomus,bad-no-mus
badnusxa,bad-nus-xa
badnusxalik,bad-nus-xa-lik
badoq,ba-doq
badoye,ba-do-ye
badqadam,bad-qa-dam
badqadamlik,bad-qa-dam-lik
badqiliq,bad-qi-liq
badqiliqlik,bad-qi-liq-lik
badqovoq,bad-qo-voq
badqovoqlik,bad-qo-voq-lik
badr,badr
badraf,bad-raf
badraftor,bad-raf-tor
badraftorlik,bad-raf-tor-lik
badrafxona,bad-raf-xo-na
badrang,bad-rang
badranglik,bad-rang-lik
badraşk,bad-raşk
badraşklik,bad-raşk-lik
badrōy,bad-rōy
badrōylik,bad-rōy-lik
badşukuh,bad-şu-kuh
badşukuhlik,bad-şu-kuh-lik
badsifat,bad-si-fat
badsifatlik,bad-si-fat-lik
badsurat,bad-su-rat
badsuxan,bad-su-xan
badsuxanlik,bad-su-xan-lik
baḡillaşmoq,ba-ḡil-laş-moq
baḡillaşuv,ba-ḡil-la-şuv
baḡillatiş,ba-ḡil-la-tiş
baḡillatmoq,ba-ḡil-lat-moq
baḡillov,ba-ḡil-lov
baḡir,ba-ḡir
baḡiriov,ba-ḡi-ri-ov
baḡirlab,ba-ḡir-lab
baḡirlamoq,ba-ḡir-la-moq
baḡirlaş,ba-ḡir-laş
baḡirlaşmoq,ba-ḡir-laş-moq
baḡirli,ba-ḡir-li
baḡiş,ba-ḡiş
baḡişlama,ba-ḡiş-la-ma
baḡişlamoq,ba-ḡiş-la-moq
baḡişlanilmoq,ba-ḡiş-la-nil-moq
baḡişlanma,ba-ḡiş-lan-ma
baḡişlanmoq,ba-ḡiş-lan-moq
baḡişlattirmoq,ba-ḡiş-lat-tir-moq
baḡişlov,ba-ḡiş-lov
baḡişlovçi,ba-ḡiş-lov-çi
baḡiz,ba-ḡiz
baḡlon,baḡ-lon
baḡonali,ba-ḡo-na-li
baḡovat,ba-ḡo-vat
baḡovatçi,ba-ḡo-vat-çi
baḡovatçilik,ba-ḡo-vat-çi-lik
baḡoyat,ba-ḡo-yat
baḡribiyronlik,baḡ-ri-biy-ron-lik
baḡrikenglik,baḡ-ri-keng-lik
dalillaniş,da-lil-la-niş
dalillanmoq,da-lil-lan-moq
dalillantirilmoq,da-lil-lan-ti-ril-moq
dalillantirmoq,da-lil-lan-tir-moq
dalillaş,da-lil-laş
dalillaşmoq,da-lil-laş-moq
dalilli,da-lil-li
dalilşunoslik,da-lil-şu-nos-lik
dalilsiz,da-lil-siz
dalilsizlik,da-lil-siz-lik
dalir,da-lir
dalirona,da-li-ro-na
daliya,da-li-ya
dalla,dal-la
dallalik,dal-la-lik
dalli,dal-li
dallik,dal-lik
dalliya,dal-li-ya
dallok,dal-lok
dallol,dal-lol
dallola,dal-lo-la
dallolboşi,dal-lol-bo-şi
dallolboşilik,dal-lol-bo-şi-lik
dallolçilik,dal-lol-çi-lik
dallollik,dal-lol-lik
dalnomer,dal-no-mer
dalolat,da-lo-lat
dalolatçi,da-lo-lat-çi
dalolatçilik,da-lo-lat-çi-lik
dalolatgōy,da-lo-lat-gōy
dalolatgōylik,da-lo-lat-gōy-lik
dalolatnoma,da-lo-lat-no-ma
dalon,da-lon
daloyilxona,da-lo-yil-xo-na
daltonidlar,dal-to-nid-lar
daltonizm,dal-to-nizm
dalv,dalv
dam,dam
damkabozlik,dam-ka-boz-lik
damkaçi,dam-ka-çi
damkaçilik,dam-ka-çi-lik
damkaş,dam-kaş
damkaşlik,dam-kaş-lik
damkōta,dam-kō-ta
damlaganlik,dam-la-gan-lik
damlam,dam-lam
damlama,dam-la-ma
damlamoq,dam-la-moq
damlaniş,dam-la-niş
damlanmoq,dam-lan-moq
damlantirmoq,dam-lan-tir-moq
damlaş,dam-laş
damlatiş,dam-la-tiş
damlatmoq,dam-lat-moq
